Fri Jul 09 2021 10:55:32 GMT+0200 (Central European Summer Time)
Fri Jul 09 2021 10:54:32 GMT+0200 (Central European Summer Time)
Wed Jul 07 2021 12:58:41 GMT+0200 (Central European Summer Time)
=======
Wed Jul 07 2021 00:33:04 GMT+0200 (Central European Summer Time)
Wed Jul 07 2021 00:32:07 GMT+0200 (Central European Summer Time)
Tue Jul 06 2021 20:52:05 GMT+0200 (Central European Summer Time)
=======
Tue Jul 06 2021 20:52:38 GMT+0200 (Central European Summer Time)
Tue Jul 06 2021 20:51:38 GMT+0200 (Central European Summer Time)
>>>>>>> 197eacf36fb5b01000a95f88b0051ca201b89431
Mon Jul 05 2021 17:42:20 GMT+0200 (Central European Summer Time)
=======
Mon Jul 05 2021 01:04:00 GMT+0200 (Central European Summer Time)
Mon Jul 05 2021 01:03:00 GMT+0200 (Central European Summer Time)
>>>>>>> 7c6293f6a307c338d99e0246985590932a2266a2
Sat Jul 03 2021 13:05:07 GMT+0200 (Central European Summer Time)
>>>>>>> 32f2963de50e36ac5299026bb881ee68667fcdc6
